Title , Price
"",""
"UtechSmart Venus Pro RGB Wireless MMO Gaming Mouse, 16,000 DPI Optical Sensor, 2.4 GHz Transmission Technology, Ergonomic Design, 16M Chroma RGB Lighting, 16 programmable Buttons, Up to 70 Hours","$31.38"
"UHURU Wireless Gaming Mouse Up to 10000 DPI, Rechargeable USB Wireless Mouse with 6 Buttons 7 Dynamic LED Color Ergonomic Programmable MMO RPG for PC Laptop, Compatible with Windows Mac","$22.59"
"Logitech G502 HERO High Performance Wired Gaming Mouse, HERO 25K Sensor, 25,600 DPI, RGB, Adjustable Weights, 11 Programmable Buttons, On-Board Memory, PC / Mac","$39.99"
"Redragon M612 Predator RGB Gaming Mouse, 8000 DPI Wired Optical Mouse with 11 Programmable Buttons & 5 Backlit Modes, Software Supports DIY Keybinds Rapid Fire Button","$19.99"
"Razer DeathAdder Essential Gaming Mouse: 6400 DPI Optical Sensor - 5 Programmable Buttons - Mechanical Switches - Rubber Side Grips - Classic Black","$22.99"
"Razer Basilisk V3 Customizable Ergonomic Gaming Mouse: Fastest Gaming Mouse Switch - Chroma RGB Lighting - 26K DPI Optical Sensor - 11 Programmable Buttons - HyperScroll Tilt Wheel - Classic Black","$44.99"
"AULA SC580 Wireless Gaming Mouse, Tri-Mode 2.4G/BT5.0/USB-C Gaming Mouse, 12000 DPI Rechargeable Wireless Mouse with 6 Programmable Buttons, Ergonomic Computer Mouse for Laptop/PC/Mac/Tablet","$25.41"
"Redragon Gaming Mouse, Wireless Mouse Gaming with 8000 DPI, PC Gaming Mice with Fire Button, RGB Backlit Programmable Ergonomic Mouse Gamer, Rechargeable, 70Hrs for Windows, Mac Gamer, Black","$27.79"
"Logitech G305 LIGHTSPEED Wireless Gaming Mouse, Hero 12K Sensor, 12,000 DPI, Lightweight, 6 Programmable Buttons, 250h Battery Life, On-Board Memory, PC/Mac - Lilac","$38.95"
"Logitech G Pro Wireless Gaming Mouse with Esports Grade Performance","$69.95"
"Redragon M908 Impact RGB LED MMO Gaming Mouse with 12 Side Buttons, Optical Wired Ergonomic Mouse with Max 12,400DPI, High Precision, 18 Programmable Macro Shortcuts, Comfort Grip","$27.99"
"COSTOM Womier G705 USB Wired Gaming Mouse for PC Computer Windows Mac Laptop, Lightweight Silent RGB Backlit Mouse with Adjustable 12000DPI/7 Programmable Side Buttons,Black Kanagawa Theme","$22.83"
"Redragon M810 Pro Wireless Gaming Mouse, 10000 DPI Wired/Wireless Gamer Mouse w/Rapid Fire Key, 8 Macro Buttons, 45-Hour Reliable Power Capacity and RGB Backlit for PC/Mac/Laptop","$27.99"
"Logitech G502 Lightspeed Wireless Gaming Mouse with Hero 25K Sensor, PowerPlay Compatible, Tunable Weights and Lightsync RGB - Black","$99.00"
"UtechSmart Venus Pro RGB Wireless MMO Gaming Mouse, 16,000 DPI Optical Sensor, 2.4 GHz Transmission Technology, Ergonomic Design, 16M Chroma RGB Lighting, 16 programmable Buttons, Up to 70 Hours","$31.38"
"Razer Basilisk V3 X HyperSpeed Customizable Wireless Gaming Mouse: Mechanical Switches Gen-2-5G Advanced 18K Optical Sensor - Chroma RGB 9 Programmable Controls 535 Hr Battery Classic Black","$54.00"
"TMKB Falcon M1SE Ultralight Honeycomb Gaming Mouse, High-Precision 12800DPI Optical Sensor, 6 Programmable Buttons, Customizable RGB, Drag-Free Paracord, Ergonomic, Wired - Matte White","$17.99"
"Razer Viper V3 HyperSpeed Wireless Esports Gaming Mouse: 82g Lightweight - Up to 280 Hr Battery - 30K DPI Optical Sensor - Gen-2 Mechanical Switches - 8 Programmable Controls - Classic Black","$59.99"
"CORSAIR NIGHTSWORD RGB Gaming Mouse For FPS, MOBA - 18,000 DPI - 10 Programmable Buttons - Weight System - iCUE Compatible - Black","$69.81"
"Razer Viper V3 Pro Wireless Esports Gaming Mouse: Symmetrical - 54g Lightweight - 8K Polling - 35K DPI Optical Sensor - Gen3 Optical Switches - 8 Programmable Buttons - 95 Hr Battery - Black","$136.99"
"EVGA X12 Gaming Mouse, 8k, Wired, Black, Customizable, Dual Sensor, 16,000 DPI, 5 Profiles, 8 Buttons, Ambidextrous Light Weight, RGB, 905-W1-12BK-KR","$9.99"
"T-DAGGER Wireless Gaming Mouse- USB Cordless PC Accessories Computer Mice with LED Backlit, Ergonomic Gamer Laptop Mouse with 7 Silent Buttons, 5 Adjustable DPI Plug & Play for PC","$16.99"