Name, Price
"Nasco NASF2-80FL Double Door Table Top Fridge - 58 Liters - Silver","GH₵ 1,540.70"
"Asano 32" - 32DF2 Smart Android TV -  Frameless Screen - USB - HDMI - Black + 15 Days Warranty","GH₵ 1,593.00"
"Nasco NASTT-B50FL- 5kg Semi Automatic Twin Tub Washing Machine - White/Black","GH₵ 1,686.00"
"Bruhm BAS-12RCEW Split Air Conditioner - 1.5HP - White","GH₵ 4,534.88"
"7 In 1 S Spray 30m100ft Expandable Garden Hose Latex Tube Magic","GH₵ 129.00"
"Skin Care 20 Pieces Orange Lip Mask","GH₵ 85.00"
"Ghandour Cosmetics Princess Paa Lilac Anti - Perspirant Roll On - 50ml","GH₵ 9.50"
"Delron 2 Burner Electric Hot Plate - 2000W -  Black","GH₵ 211.63"
"Westpool 90 Litres - WP-125A Table Top Refrigerator - Silver","GH₵ 1,883.72"
"Ghandour Cosmetics Style Up Anti-Perspirant Roll On - Fresh - 50ml","GH₵ 9.62"
"3 In 1 Multi Functional Backpack With USB Slot - Black","GH₵ 82.99"
"Samsung Galaxy A16 128GB -Black","GH₵ 2,095.74"
"Hikers GH-32GD-HD 32'' - Digital Satelite LED TV - HDMI - USB - Black","GH₵ 1,243.68"
"Orient 36" Electric Quadro Ornamental 750mm 4 Blades Premium Ceiling Fan-220-240V- 70W - Glossy Brown","GH₵ 515.00"
"6 Way Baby Carrier with Baby Bed And Mosquito Net - Multi","GH₵ 284.00"
"Sexy White Skinny Jeans, Perfect Fit For Your Summer Style","GH₵ 68.41"
"Color - Screen Smart Watch Heart Rate Sport Bracelet","GH₵ 50.00"
"20000mAh Power Bank Fast Charge Black","GH₵ 98.00"
"Mooved 43'' - Frameless Android Smart FHD LED TV - HDMI - Black","GH₵ 2,511.00"
"Men's Riding Mask Balaclava Motorcycle Mask","GH₵ 32.00"
"C Idea CM516 Tablet Tablet With 6GB RAM 128GB ROM  Android 14 Sim Green","GH₵ 700.00"
"Holiday Gift, Christmas Gift, Brazilian Water Wave Lace Front Wig, Transparent Lace Wig, Suitable for Women, Pre-Plucked 4X4 Closure Short Bob Wig, Natural Color, 150% Density, 14inch","GH₵ 149.55"
"3 Cameras Dash Cam Multi-Language Clear Car Rearview Mirror Car Video Recording Camcorder","GH₵ 315.00"
"Icona London ILSAC-1215S Split Type Air Conditioner 1.5hp(R410A Gas) - White + 24 Months Warranty","GH₵ 3,630.00"
"PORTABLE MINI BLUETOOTH SPEAKER CYLINDRICAL TYPE - BLACK","GH₵ 79.00"
"Full Face Cover Motorcycle Protecting Face Cycling Headwear","GH₵ 39.00"
"Fast Charger Head 20W And Type C Cord For iPhones - White","GH₵ 125.00"
"Men's Mid Top Boardshorts Sneakers - Khaki","GH₵ 150.00 - GH₵ 160.00"
"4 In 1 Multi Charging Cable - Black","GH₵ 69.99"
"2.4G WiFi Repeater 300Mbps RJ45 Port Network Extender Remote Router","GH₵ 106.76"
"Starlink Standard Kit - Gen 3 - White","GH₵ 5,800.00"
"Samsung Galaxy A16 128GB -Black","GH₵ 2,095.74"
"Nexon 32" -  Digital Satellite TV - USB - HDMI - Black.","GH₵ 1,307.69"
"Banana 20L -  Microwave Oven - Black","GH₵ 849.00"
"Samsung Galaxy A06 -  128GB + 4GB RAM - 50MP Rear / 8MP Front - 6.7" - 5000 mAh - Black","GH₵ 2,500.00"
"Starlink Mini Kit - High Speed Internet Network - White","GH₵ 3,800.00"
"C Idea 8 Inch Tablet, Google Android 12.0 Dual Cameras Sim 256GB Storage Long Battery Life Tablet For Adults Teenagers CM822 Green","GH₵ 850.00"
"Bruhm 55''- LED BTF-55V UHD Vidaa Smart OS - Black","GH₵ 5,989.01"
"P9 Wireless Bluetooth Headset Noise Reduction Earphones Black","GH₵ 69.00"
"Mitsui 100 Litres - ME-136 Chest Freezer - Silver","GH₵ 2,674.00"
"Itel A50C 4G Lite - 6.56'' - 32GB ROM - 2GB RAM - 8MP Rear /5MP Front - 4000mAh - Black + 12 Months Warranty","GH₵ 947.00"
"Wireless Gamepad For Android Phone/PC/TV Box","GH₵ 169.00"
"Infinix Hot 50i - 6.78'' Display - 128GB ROM - 4GB RAM - 48MP Rear - 8MP Front - 5000mAh - Sleek Black + 12 Months Warranty + Free Gradient Water Bottle","GH₵ 1,665.00"
"Blueing 14" Laptop N3350 6GB+192GB SSD Portable Computer Student Pc","GH₵ 2,017.55"
"TiLECC 2 In 1 Touch Screen Sport Smart Watches With Headphones - Black","GH₵ 141.60"
"Nasco NASD-250W Bluetooth Speaker 25W -  Black","GH₵ 1,482.14"
"Wireless Bluetooth Keyboard Applicable Phone Tablet","GH₵ 90.00"
"Blockbuster，New M90 Bluetooth headset Wireless Eaphs. Touch, HIFI, NR Mic, Power Bank, for Gaming","GH₵ 219.99"
"6A Android White Fast Charging Phone Cable USB/Type-C Orange Data Head","GH₵ 117.04"
"Oraimo Halo 2S Half In-Ear Wired Headphones Durable Kevlar Fiber Cable","GH₵ 45.03"
"GUIXIA Air39 wireless Bluetooth 5.3 earphones, battery level digital display","GH₵ 69.00"
"T800 Ultra Bluetooth Series 8 Smart Watch - Orange","GH₵ 79.00"
"Lenovo LP40 + Bag Bluetooth 5.0 Waterproof Earphone Touch Headset - Black","GH₵ 119.00"
"Oraimo SpaceBuds Neo True Wireless Spatial Earbuds Light Gold","GH₵ 196.01"
"Oraimo Trumpet 3 HIFI Audio In-Ear Headphones High-quality Sound","GH₵ 59.98"
"BLAZE Aluminum Travel Tripod For Camera Phone Mount Flexible Lightweight Tripod Light Stand Photography For Field Youtube Phone","GH₵ 79.00"
"T800 Ultra Bluetooth Series 8 Smart Watch - Orange","GH₵ 89.00"
"Oraimo MagCable 1M 60W Type-C To Type-C Data Cable Fast Charging","GH₵ 109.94"
"6 in 1 Universal Phone Cable","GH₵ 300.00"
"Toumi Multifunctional Wireless Fast Charging Speaker - Black","GH₵ 149.08"
"T800 Ultra Bluetooth Series 8 Smart Watch - White","GH₵ 89.00"
"Hidden Earbuds Sleep Wireless Earphone Bluetooth Headphone","GH₵ 189.00"
"AMU ITALIANO AMU-GS3B Auto ignition 3 Burner Gas Cooker - Stainless Steel","GH₵ 228.00"
"Icona London ILDMO-2035XB 20L Digital Microwave Oven - Black","GH₵ 995.00"
"AMU ITALIANO AMU-K20B - 2L Automatic Stainless Steel Electric Kettle -1500W- Black/Silver(2 PINS)","GH₵ 85.00"
"Icona London ILSAC-1215S Split Type Air Conditioner 1.5hp(R410A Gas) - White + 24 Months Warranty","GH₵ 3,630.00"
"ICONA ILFP-101T- 4 In 1 Food Processor 350W- Brown/Beige","GH₵ 609.00"
"Icona London ILDMO-2040XW 20L Digital Microwave Oven - White","GH₵ 979.00"
"ICONA ILB-450T 2 IN 1 Glass Blender 1.5L-240V-50hz- 300W-Black","GH₵ 219.00"
"AMU ITALIANO AMU-GS3BG Auto ignition 3 Burner Glass Top Gas Cooker","GH₵ 379.00"
"ICONA ILGCF-5240EC 4 Burner Automatic Ignition Premium Gas Cooker With Oven - Glass Top - Black","GH₵ 1,820.00"
"AMU ITALIANO AMUSF-185TC 18" 2 in 1 Standing Fan - Orange - Cross base","GH₵ 450.00"
"ICONA ILB-350T 2 IN 1 Blender 1.5L -240V-50hz - 300W - Black","GH₵ 209.00"
"Icona London ILMO-2015XB 20L Microwave Oven - Black","GH₵ 889.00"
"4G LTE Wifi 150Mbps Portable Mobile MiFi With SIM Card Slot - 2100mAh -  White","GH₵ 215.00"
"Metallic USB 3.1 Pendrive - 128GB Black + Free OTG Adapter & Android&Type-c","GH₵ 73.19"
"TP-Link 300 Mbps Wireless N 4G LTE Router - Black","GH₵ 1,164.00"
"Laptop Stand + Detachable Mobile Stand - Black","GH₵ 68.00"
"4G Mifi LTE Mobile WiFi 150Mbps 2100mAh Battery - Black","GH₵ 215.00"
"Metal Foldable Adjustable Stand Holder For Laptop - Silver","GH₵ 43.00"
"MTN Universal Broadband 4G Router + Backup Battery - White","GH₵ 522.50"
"4G LTE USB MIFI/UFI 150Mbps Modem Stick Portable Wireless WiFi Adapter 4G Card Router For Home Office 4G USB Modem","GH₵ 219.00"
"Professional Suspension Microphone Kit For Studio Recording","GH₵ 488.00"
"Mythco V8 Live Sound Card, USB External Audio Mixer For Karaoke, Recording, Live Broadcast, KTV Voice Chat","GH₵ 156.00"
"Shield Type Laptop Stand - 1 Pair - Silver/Black","GH₵ 49.00"
"Professional Studio Audio Sound Card","GH₵ 675.00"
"Hp Replacement Small Blue Pin  Adapter - 19.5V + Fused Power Cord - Black","GH₵ 115.00"
"300M-WiFi Booster-Wireless Range Extender-2.4G Repeater-Signal Amplifier","GH₵ 98.00"
"Mini Pocket Thermal Printer Support BT Connection","GH₵ 186.00"
"Oraimo Watch 5N 2.01'' TFT Screen Smart Lifestyle Tracking Smart Watch","GH₵ 199.00"
"Oraimo Necklace Lite Call Vibration Wireless Headphones - Black","GH₵ 185.03"
"Oraimo FreePods Lite ENC True Wireless Earbuds - Black","GH₵ 234.99"
"Oraimo SpaceBuds Neo True Wireless Earbuds-Black","GH₵ 196.01"
"Oraimo SpaceBuds Hybrid ANC True Wireless Earbuds Customized Voice Prompt","GH₵ 525.03"
"Oraimo Toast 15 Flash 10000mAh Slim Portable Power Bank Up to 3X Faster Charging","GH₵ 137.94"
"Oraimo Necklace Lite Call Vibration Wireless Headphones","GH₵ 185.03"
"Oraimo FreePods Neo Half in ear Earbud Black","GH₵ 234.99"
"Oraimo SpaceBuds N ANC True Wireless Earbuds","GH₵ 319.95"
"Oraimo AirBuds 4 ENC True Wireless Earbuds","GH₵ 230.00"
"Oraimo FreePods 4 ANC True Wireless Bluetooth Earbuds 35.5-hour Long Battery Time","GH₵ 480.00"
"Oraimo Halo 2S Half In-Ear Wired Headphones Durable Kevlar Fiber Cable","GH₵ 45.03"
"Oraimo FastLine 2 2.4A 1M Cable Type C to Lightning Fast Charging and Syncing","GH₵ 42.00"
"Oraimo Necklace Lite Call Vibration Wireless Headphones","GH₵ 185.03"
"Oraimo Watch Nova R 1.39'' Panda Glass IP68 Smart Watch","GH₵ 399.98"
"redbeat A2 Tablet,Dual SIM,10.1'',8(4+4)GB/128GB, Android14,6000mAh Battery,Gray","GH₵ 1,782.00"
"TECNO Megapad 11 AI Powered - 11" FHD+ Screen - 128GB ROM/8GB RAM - 8000mAh Battery - Dual Sim & WIFI - Light Green + 13 Months Warranty","GH₵ 2,599.00"
"C Idea CM516 Tablet Tablet With 6GB RAM 128GB ROM  Android 14 Sim Green","GH₵ 700.00"
"redbeat C1 Tablet,Dual SIM,8-inch ,6(3+3)GB/64GB, Android14,4000mAh Battery,Gray","GH₵ 1,432.00"
"Amazon Fire HD 10 Kids Tablet - 10.1" - 32GB HDD - 3GB RAM - Pink","GH₵ 2,950.00"
"TECNO Megapad  Eye-Care Full Display - 256 ROM / 4GB RAM - 7000mAh Battery - Dual Sim & WIFI - Space Grey +13 Months Warranty","GH₵ 2,549.00"
"Samsung Galaxy Tab A9+ Tablet 11” 64GB Android Tablet 128gb 8gb 5G silver","GH₵ 6,500.00"
"Samsung Galaxy TAB A9 - 8.7'' - 64GB ROM - 4GB RAM - 8MP Rear/5MP Front - 5100mAh - Black","GH₵ 2,728.00"
"Amazon Kindle Fire HD 7 Kids Tablet -  7" - 16GB HDD - 2GB RAM -  1.92/0.92 MP - Red + Free SD Card","GH₵ 1,550.00"
"10.1 Inch Android Tablet 1GB RAM 16GB With SIM Card Slot GPS","GH₵ 975.00"
"Amazon Fire HD 8 - 8" - Kids Tablet - 64GB HDD - 2GB RAM  - Red","GH₵ 2,195.00"
"Blueing 14" Laptop N3350 6GB+192GB SSD Portable Computer Student Pc","GH₵ 2,017.55"
"DELL Refurbished Latitude E7470 14" - 6th Gen - Core i5-5300U - 8GB RAM - 256GB SSD - Win 10 - Black","GH₵ 3,345.45"
"15.6" Laptop J4125 8GB+256GB SSD Student Portable Computer","GH₵ 3,525.02"
"TECLAST F15 Plus 2 Laptop - 15.6 inch Full HD IPS Display, 8GB RAM+256GB SSD","GH₵ 5,990.00"
"Lenovo K10 Tablet 8GB+128GB 10.95 inch 1920*1200","GH₵ 2,450.00"
"AVITA Essential Refresh  14 inches Intel Celeron /4GB/128GB SSD/Windows 10  Laptop, Concrete Grey","GH₵ 3,500.00"
"Hp Refurbished Elitebook 840 G4 - Intel Core I5 - 7th Gen - 256GB SSD - 8GB Ram - 14.0" - Silver","GH₵ 3,800.00"
"Hp Refurbished EliteBook 1030 G3 Touchscreen x360 - Intel Core i5 - 8th Gen - 256GB SSD - 8GB RAM 13.3" - Silver","GH₵ 6,200.00"
"Hp Notebook 15-Dy2032wm - Core i3-11th Gen - 8GB RAM - 256GB SSD -15.6 Touchscreen -Fingerprints- Windows 11 Home - Silver","GH₵ 7,200.00"
"Hp Pavilion X360 15-ER1051CL  - 15.6'' - Core i5 -1235U 12GB RAM -  512GB SSD - Touch Screen - Natural Silver","GH₵ 12,000.00"
"Hp  Pavilion 15-eg0050wm Intel Core i5-1135G7 -15.6' FHD Touchscreen - 11th Gen- 8GB RAM-512GB -  Windows 11- Graphics Backlite Keyboard - Lunar Gold","GH₵ 10,000.00"
"Hp Refurbished  Elitebook  830 G6 X360 - Intel Core i5 - 8th Gen - 256GB SSD - 8GB RAM 13.3"- Silver-touch","GH₵ 5,700.00"
"Infinix Smart 9 HD - Dual SIM - 4G - 6.6" - 64GB ROM - 3GB RAM - 50MP Rear/8MP Front - 5000mAh - Metallic Black + 13 Months Warranty + Free Car Charger & Fabric Speaker","GH₵ 1,400.00"
"Itel P65 4G - 6.7'' - 128GB ROM - 4GB RAM - 50MP Rear /8MP Front - 5000mAh - Cyber Titanium + 12 Months","GH₵ 1,617.00"
"Infinix Hot 50i - 6.78'' Display - 128GB ROM - 4GB RAM - 48MP Rear - 8MP Front - 5000mAh - Sleek Black + 12 Months Warranty + Free Gradient Water Bottle","GH₵ 1,665.00"
"Itel A50C 4G Lite - 6.56'' - 32GB ROM - 2GB RAM - 8MP Rear /5MP Front - 4000mAh - Black + 12 Months Warranty","GH₵ 947.00"
"TECNO Camon 40 - Dual SIM - 6.78" - 256GB ROM - 8GB RAM -  50MP Rear/50MP Front - 5200mAh - Black + 13 Month Warranty","GH₵ 3,460.00"
"Samsung Galaxy A16 - 6.7" - 128GB + 4GB RAM - 50MP Rear/13MP Front - 5000mAh - Black + 24 Months Warranty","GH₵ 2,207.45"
"SMECO 32" - Frameless Digital Satellite TV - USB - HDMI -  Black.","GH₵ 1,340.66"
"Hikers GH-43GZ-FDS 43'' - Frameless Android Smart FHD LED TV - HDMI - Black","GH₵ 2,288.81"
"Tamashi NTX42 LED TV - 42'' - Black","GH₵ 2,527.00"
"Nexon 32" -  Digital Satellite TV - USB - HDMI - Black.","GH₵ 1,307.69"
"Asano 43" - 43DF2 - Digital Satellite HD TV - USB - HDMI - Black + 12 months Warranty","GH₵ 2,318.68"
"WEYON 32" 32WSA HD Smart  TV - Black +1 Years Warranty","GH₵ 1,352.35"
"Bruhm 55''- LED BTF-55V UHD Vidaa Smart OS - Black","GH₵ 5,989.01"
"Westpool Wp-3224S  32 inch - Frameless Android Smart FHD LED TV - HDMI - Black + Free Wall Mount","GH₵ 1,758.24"
"Mooved 43'' - Frameless Android Smart FHD LED TV - HDMI - Black","GH₵ 2,511.00"
"Mooved 32'' - Frameless Android Smart HD LED TV - HDMI - USB - Black","GH₵ 1,478.00"
"Nexon 32" - SMART TV - USB - HDMI - Black- NX-LE32DSAB","GH₵ 2,200.00"
"TCL 32''-S4500A Smart TV-HDMI- Black-TCL","GH₵ 2,888.89"
"AILYONS LSS 3205W T2/S2 Smart Tv - 32" - FHD - Black","GH₵ 2,200.00"
"LG 32LP500BPTA - 32 inches Digital TV - Black","GH₵ 2,650.00"
"Samsung 55 Inch DU8000 Series 4K HDR Smart LED 55DU8000 2024 TV","GH₵ 10,299.00"
"12 Inches Frontal Double Drawn Bob Blunt 1B  - Black","GH₵ 1,631.25"
"105 - 2.4 inches - Dual SIM - Cell Phone - 4MB ROM + 4MB RAM - 800mAh - Black and Blue","GH₵ 206.59"
"Women's High Heels sandals - Black/Red","GH₵ 443.75"
"LG 32 inches Digital Satellite 32LM550BPVA LED Television","GH₵ 3,299.00"
"Bath And Body Works Anti Bacteria Hand Sanitizer - 29ml","GH₵ 25.00"
"3 Piece Men's Slim Fit Single Breasted - Single Button Tuxedo Suit - Grey","GH₵ 1,130.00"
"Modern Fluffy Livingroom Center Rug Bedroom Carpets - 160 x 230cm - Violet","GH₵ 675.88"
"Baby Girl Soft Round Neck Ruffle Hem Long Sleeve Dress - 2-3Yrs - Red","GH₵ 193.75"
"Naviforce 9163 Men's Dual Digital Display Waterproof Stainless Steel Watch - Blue/Rose gold","GH₵ 730.00"
"Foldabl Electric Travel Kettle 0.6 L","GH₵ 105.00"
"Authentic Northern Smock with cap(Batakari) - Blue/Grey","GH₵ 568.75"
"Men's Suede Loafers – Comfortable and Durable - Coffee Brown","GH₵ 506.25"
"Silicone Cookware Set with Chopping Board - Grey - 19 Pieces","GH₵ 311.76"
"Sokany Bread Toaster","GH₵ 190.00"
"60W Multifunctional Fast Charging Cable Set - Black","GH₵ 97.65"
"Ghandour Cosmetics Style Up Anti-Perspirant Roll On - Spice - 50ml","GH₵ 10.69"
"NIVEA Body Lotion - Perfect & Radiant - 250ml","GH₵ 51.69"
"Vaseline Lot Cocoa Glow Lotion - 400ml","GH₵ 48.80"
"NIVEA Men Anti-Perspirant Roll On - Cool Kick - 50ml","GH₵ 35.20"
"NIVEA Q10 + Vitamin C Firming Body Lotion - 400ml","GH₵ 72.28"
"Cussons Baby Powder - Soft & Smooth - 200g","GH₵ 13.42"
"Ghandour Cosmetics Style Up Body Lotion - 420ml","GH₵ 24.33"
"Kiss Beauty Rosemary and Mint Hair and Scalp Treatment Oil  - 30ml","GH₵ 45.00"
"Ghandour Cosmetics Ghandour Cosmetics BO -16 Hair Mist Original - 40ml x 3","GH₵ 49.18"
"Cussons Baby Lotion - Mild & Gentle - 200ml","GH₵ 33.84"
"Ghandour Cosmetics Style Up shower Gel (Stamina) - 1050ml","GH₵ 42.61"
"Lifebuoy Carbolic Soap - Pack of 6 -115g","GH₵ 30.38"
"NIVEA Lip Balm Original - 4.8g","GH₵ 55.82"
"NIVEA Nourishing Cocoa Deep Moisture Serum Body Lotion - 400ml x 2","GH₵ 144.55"
"Smirnoff Premium Ice Double Black Vodka - 300ml","GH₵ 19.00"
"Baileys Original Irish Cream - 750ml","GH₵ 340.91"
"Guinness Malta Drink -  330ml x 12 Pet Bottles","GH₵ 135.04"
"Johnnie Walker Red Label Icons - 1L","GH₵ 406.00"
"Smirnoff Chocolate Vodka - 750ml","GH₵ 164.45"
"Jameson Irish Whiskey - 750ml","GH₵ 445.35"
"Niche Chocolate Drink 180ml x 24","GH₵ 165.00"
"Ocean Spray Cranberry Juice - 211ml x 12","GH₵ 500.00"
"Ocean Spray 100% Cranberry Juice - 2.83L x 2","GH₵ 400.00"
"Vitamilk Double Choco Shake Soy Milk - 1L x 6","GH₵ 280.00"
"Stute Classic Mango Juice - 1.5L","GH₵ 79.00"
"Welch Grape Juice - 473 ml x 12 Pieces","GH₵ 650.00"
"Purdey'S Natural Energy Replenish Raspberry & Rose - 330ml x 12","GH₵ 450.00"
"Purdey'S Natural Energy Replenish Raspberry & Rose - 330ml","GH₵ 130.00"
"Sprite Orange Canned Drink - 330ml x 24","GH₵ 250.00"
"12 M Solar Lights Waterproof Fairy Lights - Multicolor","GH₵ 58.87"
"2 In 1 Non-porous Wall-mounted Bathroom Rack With Hook","GH₵ 169.00"
"SIMI S125 1.77inch Feature Phone Dual SIM Card 1050mAh","GH₵ 116.00"
"redbeat D5 Smartphone, 6.52-inch HD Display, 6GB RAM+128G ROM, Octa-Core 1.6GHz, Blue","GH₵ 1,288.71"
"redbeat Kids Android Tablet 7 Inch, Quad Core, 6GB(2+4)RAM+32GB ROM+SD 512GB, Parental Controls, 3G Calling Tablet","GH₵ 779.59"
"Women's Sexy Lingerie Lace Nightwear Bodysuit","GH₵ 135.00"
"4  Modes LED Rechargeable headlight,  Waterproof Adjustable headlamp,Cycle Head Torch","GH₵ 121.23"
"Trendy Summer Comfortable Flat Men's Soles Sandal Slipper Flip Flop Red","GH₵ 58.70"
"Ice Silk Men's Sports Pants Casual Loose Comfortable Mesh (Black)","GH₵ 58.00"
"High-end Watch + Bracelet Dating Party Atmospheric watch","GH₵ 88.00"
"Folding Anti Blue-ray Presbyopic Reading Glasses, +1.50D(Gold)","GH₵ 49.00"
"Intelligent RGB Color LED Light Strip, APP Control + Button Control","GH₵ 98.64"
"Mythco Astronaut Star Projector, Galaxy Space Projector Night Light","GH₵ 189.00"
"Oil-proof Wall Sticker for Kitchen 40cm*2m","GH₵ 69.00"
"USB 3.1 Type-C To HDMI Converter, 4K HD Conversion Cable","GH₵ 130.00"
"MOONDA Luxury Double Sized Mattress-54*75-8 inches","GH₵ 1,820.00"
"Luxury King Sized Mattress-84*75 8 inches","GH₵ 2,470.00"
"Rechargeable Night Light Lamp Study Lamp Read Desk Led Table Lamp Bedside Light","GH₵ 120.00"
"Absorbent Bath Rug - Grey","GH₵ 56.00"
"MOONDA Luxury Queen Sized Mattress-72*75-8 inches","GH₵ 2,650.00"
"RAF Wet And Dry Vacuum Cleaner With Dust Bag - Black/Blue","GH₵ 1,379.00"
"Foldable Storage Crate - 4 Pcs - White","GH₵ 146.00"
"Set of Colander - 4 Pcs - Silver/Brown","GH₵ 129.00"
"Luxury one and half mattress-8 inches","GH₵ 1,880.00"
"Food Storage Containers - 3 Pcs - Silver/Green","GH₵ 299.00"
"Nasco NASTT-B50FL- 5kg Semi Automatic Twin Tub Washing Machine - White/Black","GH₵ 1,686.00"
"Roch RFR-140T-B - 117Liters Double Door Refrigerator - Silver","GH₵ 2,965.00"
"Asano 1.5 HP -  Split Air Conditioner AS-15 Gas -  White + 12 Month Warranty","GH₵ 3,662.79"
"Mitsui 145 Litres - ME-186A Chest Freezer - Silver","GH₵ 3,081.40"
"The Glenlivet Founder's Reserve Single Malt Scotch Whisky - 700ml","GH₵ 580.61"
"NIVEA Radiant & Beauty Advanced Care Body Lotion - 400ml x 2","GH₵ 263.21"
"Westpool Wp 3401B - 4 Burner - 50 x 50 - Gas Cooker - Glass Top - Black","GH₵ 1,976.74"
"SMECO 32" - Frameless Digital Satellite TV - USB - HDMI -  Black.","GH₵ 1,340.66"
"Infinix Smart 9 HD - Dual SIM - 4G - 6.6" - 64GB ROM - 3GB RAM - 50MP Rear/8MP Front - 5000mAh - Metallic Black + 13 Months Warranty + Free Car Charger & Fabric Speaker","GH₵ 1,400.00"
"Mitsui 100 Litres - ME-136 Chest Freezer - Silver","GH₵ 2,674.00"
"Itel A50C 4G Lite - 6.56'' - 32GB ROM - 2GB RAM - 8MP Rear /5MP Front - 4000mAh - Black + 12 Months Warranty","GH₵ 947.00"
"Infinix Hot 50i - 6.78'' Display - 128GB ROM - 4GB RAM - 48MP Rear - 8MP Front - 5000mAh - Sleek Black + 12 Months Warranty + Free Gradient Water Bottle","GH₵ 1,665.00"
"Infinix Hot 50 Pro Plus - 6.78'' Display - 256GB ROM - 8GB RAM - 48MP Rear/8MP Front - 5000mAh - Sleek Black + 12 Months Warranty + Free Giftbox","GH₵ 3,252.13"
"Westpool WP-187A  Double Door Fridge - 138 Liters - Silver","GH₵ 3,546.51"
"DELL Refurbished Latitude E7470 14" - 6th Gen - Core i5-5300U - 8GB RAM - 256GB SSD - Win 10 - Black","GH₵ 3,345.45"
"Nexus 2.0HP - Freon R410A Eco Friendly Split Air Conditioner (NX-AC-18NR4) - White","GH₵ 5,738.00"
"AILYONS AF-151SL Flip-top 142 Litres Chest Freezer Reliable Quality - 142L - Grey (1YR WRTY)","GH₵ 3,103.00"
"Tamashi NG6640G 4 Burner Gas Cooker - 60x60 - Silver/Black","GH₵ 3,046.51"
"Westpool WP - 167A Double Door Refrigerator - 112Liters - Silver","GH₵ 3,023.26"
"Nexus 15KG Twin Tub Washing Machine With Spin (NX-WM-15G) - White","GH₵ 4,318.00"
"Delron DCF-608D Double Door Chest Freezer-608Litres","GH₵ 9,329.00"
"Delron 258 Litres - Display/Showcase Chest Freezer - Grey","GH₵ 6,099.00"
"Vizio AC - 300 Evaporative Air Cooler with Mosquito Repellent - 30 Litres","GH₵ 3,180.00"
"Delron 553 Litres - DDF-553 Showcase Display  Double Door Refrigerator - White","GH₵ 11,399.00"
"Westpool WP - 1508 A - 15Kg - Twin Tub Top Load Washing Machine - White/Blue","GH₵ 4,669.00"
"Durable Glass top 50x50 Oven with Grill 4 burner Gas Cooker- Grey.","GH₵ 2,399.00"
"Vizio  168 Litres - Upright Standing Freezer  - Grey","GH₵ 4,397.00"
"YD 157 Litres - Chest Freezer Deep Freezing Technology  -18 Degree  - Silver","GH₵ 3,826.00"
"Sneakers Women Breathable And Non Slip Shoes Women's Shoes Ladies","GH₵ 49.00"
"SXCHEN Women's Shoes Heeled Sandals Authentic Patent Leather High Heels Sandals","GH₵ 139.00"
"SXCHEN Ladies Shoes Sandals Toe Flowers Casual Flat Shoes Sandals","GH₵ 119.00"
"SXCHEN Women Fashion Shoes Sandals Thick Sole Ethnic Style Velcro Beach Sandals","GH₵ 139.00"
"BLWOENS Fashion Lace Up Sneakers Women's Shoes-White","GH₵ 89.00"
"Women  Shoes Walking  Flat Shoes Women Sneakers Women Female Shoes Girl Athletic","GH₵ 129.00"
"Women Shoes Sneakers Sport Shoes Running Sneakers Casual Sneakers-Gold","GH₵ 93.00"
"Ladies Fashional Sneakers Breathable And Antiskid For Women Sports Shoes with Butterfly Embroidery (EU size)","GH₵ 286.38"
"Women Shoes For Women Shoes Ladies","GH₵ 69.00"
"Low Top Lace-up Sneakers - Black","GH₵ 49.00"
"Women's Sneakers Ladies Shoes Women Shoes Breathable And Non Slip-Black","GH₵ 45.00"
"SXCHEN Women's Shoes Martin Boots Female British Style All-match Fashion Ladies Casual","GH₵ 159.00"
"Mateamoda Women Sandals Slippers Ladies Casual Shoes Heels Summer Shoes High-heeled Sandal","GH₵ 113.00"
"Shoes For Women Sneakers Ladies Shoes Sneakers","GH₵ 49.00"
"Women's Lace Up Canvas Sports Shoes","GH₵ 59.00"
"Baby Boy Cotton Sport Clothes Set Infant Toddler 1-18Y","GH₵ 95.94 - GH₵ 96.00"
"Baby Discovery 6 Way Adjustable Baby Carrier - Blue","GH₵ 96.00"
"Kids Projection Flashlight","GH₵ 180.00"
"Sleeveless Baby Girl Big Bow Dress Printed Cotton 2-piece Set With Visor—spliced Circle Set","GH₵ 81.00 - GH₵ 83.00"
"9 Pieces Baby Care Set - Multicolour","GH₵ 95.00"
"Catpapa 1-6 Years 2PCS Fashion Girl Short Sleeves Solid Top Floral Sling Dresses Summer","GH₵ 128.00"
"Excel Baby Care Set - Multicolour","GH₵ 340.00"
"Baby Feeding Bottle Set - 13 Pieces - Blue","GH₵ 189.00"
"Wooden Baby Cot With Music Seat - Brown","GH₵ 1,699.00"
"Genetic 2PC Baby Full Sleeve WaterProof Feeding Bibs -Red & Green","GH₵ 68.00"
"Remote Ride Rechargeable Car - Red/Black","GH₵ 945.00"
"High-Flying Fun Airplane Toy","GH₵ 200.00"
"Ghandour Cosmetics Baby Girl Powder - 180g","GH₵ 14.27"
"kid Clothes Romper Outfit baby Bodysuit Jumpsuit Party Suit","GH₵ 374.00"
"AD GALAXY  Feeding Bottle Set - Pink","GH₵ 40.00"
"Mens Hair Clippers Kit For Barber With LED Display","GH₵ 179.00"
"Men Perfumes & Solid Balm Set Fragrance","GH₵ 79.00"
"5-pack of comfy embroidered lettering shorts-M","GH₵ 920.00"
"Brown Simple Fashion Men Leather Belt","GH₵ 38.18"
"Digital Display  Sports Silicone Strap LED Wrist Watch","GH₵ 92.00"
"2 pieces long sleeved plaid shirt trend ins - White and Green","GH₵ 175.00"
"STY Men Chest Bag Sling Bag + Wallet + Wired Earphones (Free Gift) - Black","GH₵ 56.00"
"2 In 1 Men's Short Sleeve Shorts Set - White","GH₵ 88.00"
"ASHION 2024 Men's Panties Underpant Underwear 4-piece","GH₵ 82.00"
"Mateamoda Men Shoes Loafers Casual Shoes Slip-Ons Business Loafers Formal Shoes","GH₵ 92.00 - GH₵ 102.00"
"5-piece men's ice silk vest Sleeveless Mesh Leisure comfort Breathable","GH₵ 175.00"
"Men's 2-in-1 short sleeved T-shirt and pants set - black","GH₵ 112.00"
"TOUPHY Sports Short Sleeve T-Shirt & Shorts Set - 2 Piece - White","GH₵ 99.00"
"TOUPHY Denim Jacket Casual Jacket Youth Trend Couple - Light Blue","GH₵ 89.00"
"ASHION Martin Boots: Sleek, Durable, And Stylish Footwear For Every Occasion!","GH₵ 165.00"
"Bruhm BWT-070G - 7Kg - Twin Tub Semi Automatic Washing Machine - White","GH₵ 1,976.74"
"Vizio 10kg Twin Tub Semi-Automatic Washing Machine  With Spin - 12WMTL - White","GH₵ 3,408.00"
"Nexus 15KG Twin Tub Washing Machine With Spin (NX-WM-15G) - White","GH₵ 4,318.00"
"Westpoint WTW-717 - 7Kg - Wash Load Washing Machine - White","GH₵ 3,649.00"
"Delron DWM-008 - 7.0kg Twin Tub Washing Machine - White","GH₵ 2,359.00"
"Westpool WP - 1508 A - 15Kg - Twin Tub Top Load Washing Machine - White/Blue","GH₵ 4,669.00"
"4.5kg All-in-One Mini Portable Electric Washing Machine - White","GH₵ 1,544.44"
"Legacy LGY11TTK Twin Tub Semi-Automatic Washing Machine - 11kg - White","GH₵ 3,499.00"
"Westpool WP-908 Twin Tub Top Load Washing Machine - 9Kg White/Blue","GH₵ 3,049.00"
"Electric Portable Mini Collapsible Washing Machine - Blue + Free Kettle","GH₵ 780.00"
"Foldable Cloth Drying Rack - White","GH₵ 795.00"
"Men's Riding Mask Balaclava Motorcycle Mask","GH₵ 32.00"
"Car Scratch RepairWax","GH₵ 200.00"
"12V 150PSI Portable Digital Tire Inflator Car Air Compressor - Black","GH₵ 160.00"
"Automotive Interior LED Light Strips-Red","GH₵ 240.00"
"Shark Fin Solar Warning Light for Car-Black","GH₵ 280.00"
"High pressure professional cleaning gun with lithium battery","GH₵ 650.00"
"I9 Voice Changer Set Multifunction Portable Recording Mini Sound Card for Game Anchor Recording Computer English Version","GH₵ 229.00"
"3 Cameras Dash Cam Multi-Language Clear Car Rearview Mirror Car Video Recording Camcorder","GH₵ 315.00"
"Cool Summer-Car Cooler Cover","GH₵ 280.00"
"3M LED strip APP Bluetooth control RGB 5V","GH₵ 68.90"
"Car Battery Charger 12V 6A Smart Fully Automatic","GH₵ 147.00"
"Multi-Use LED Strobe Light Protector","GH₵ 330.00"
"LED Light Strip Button RGB Remote Control - RGB","GH₵ 78.00"
"Car Diagnostic Scanner Code Reader OBD2 - Orange","GH₵ 213.83"
"10M RGB Bluetooth Control LED Strip Lights 12V USB Color Changing TV PC Back Light","GH₵ 117.73"
"2 In 1 Non-porous Wall-mounted Bathroom Rack With Hook","GH₵ 169.00"
"SIMI S125 1.77inch Feature Phone Dual SIM Card 1050mAh","GH₵ 116.00"
"redbeat D5 Smartphone, 6.52-inch HD Display, 6GB RAM+128G ROM, Octa-Core 1.6GHz, Blue","GH₵ 1,288.71"
"redbeat Kids Android Tablet 7 Inch, Quad Core, 6GB(2+4)RAM+32GB ROM+SD 512GB, Parental Controls, 3G Calling Tablet","GH₵ 779.59"
"Women's Sexy Lingerie Lace Nightwear Bodysuit","GH₵ 135.00"
"4  Modes LED Rechargeable headlight,  Waterproof Adjustable headlamp,Cycle Head Torch","GH₵ 121.23"
"Trendy Summer Comfortable Flat Men's Soles Sandal Slipper Flip Flop Red","GH₵ 58.70"
"Ice Silk Men's Sports Pants Casual Loose Comfortable Mesh (Black)","GH₵ 58.00"
"High-end Watch + Bracelet Dating Party Atmospheric watch","GH₵ 88.00"
"Folding Anti Blue-ray Presbyopic Reading Glasses, +1.50D(Gold)","GH₵ 49.00"
"Intelligent RGB Color LED Light Strip, APP Control + Button Control","GH₵ 98.64"
"Mythco Astronaut Star Projector, Galaxy Space Projector Night Light","GH₵ 189.00"
"Oil-proof Wall Sticker for Kitchen 40cm*2m","GH₵ 69.00"
"USB 3.1 Type-C To HDMI Converter, 4K HD Conversion Cable","GH₵ 130.00"
"5 pieces/set - Business briefcase - 14 inch laptop bag - Men's PU leather - Includes wallet, belt, card holder, phone holder (brown)","GH₵ 163.87"